{"cameraMode":{"drawMode":0,"name":"Shaded","section":"Shading Mode"},"sceneLighting":false,"audioPlay":false,"sceneViewState":{"showFog":true,"showMaterialUpdate":true,"showSkybox":true,"showFlares":true,"showImageEffects":true,"showParticleSystems":true},"in2DMode":false,"pivot":{"x":0.598513126373291,"y":0.8271624445915222,"z":-0.5895805358886719},"rotation":{"x":-0.06714338809251785,"y":-0.3144584596157074,"z":0.022304033860564233,"w":-0.9466309547424316},"size":1.9288380146026612,"orthographic":false}