{"cameraMode":{"drawMode":0,"name":"Shaded","section":"Shading Mode"},"sceneLighting":false,"audioPlay":false,"sceneViewState":{"showFog":true,"showMaterialUpdate":true,"showSkybox":true,"showFlares":true,"showImageEffects":true,"showParticleSystems":true},"in2DMode":false,"pivot":{"x":695.521484375,"y":447.09356689453127,"z":-27.424026489257814},"rotation":{"x":-0.06174081936478615,"y":-0.031153835356235505,"z":0.0019279590342193843,"w":-0.9976040720939636},"size":804.8828125,"orthographic":false}