{"cameraMode":{"drawMode":0,"name":"Shaded","section":"Shading Mode"},"sceneLighting":false,"audioPlay":false,"sceneViewState":{"showFog":true,"showMaterialUpdate":true,"showSkybox":true,"showFlares":true,"showImageEffects":true,"showParticleSystems":true},"in2DMode":false,"pivot":{"x":8.15757942199707,"y":-4.090529441833496,"z":-0.3339582085609436},"rotation":{"x":-0.19646337628364564,"y":-0.6709742546081543,"z":0.19135159254074098,"w":-0.6888979077339172},"size":14.956304550170899,"orthographic":false}