{"cameraMode":{"drawMode":0,"name":"Shaded","section":"Shading Mode"},"sceneLighting":false,"audioPlay":false,"sceneViewState":{"showFog":true,"showMaterialUpdate":true,"showSkybox":true,"showFlares":true,"showImageEffects":true,"showParticleSystems":true},"in2DMode":false,"pivot":{"x":2.330044746398926,"y":-2.6560301780700685,"z":11.538755416870118},"rotation":{"x":-0.11969850957393646,"y":-0.07262440025806427,"z":0.008779691532254219,"w":-0.9901115894317627},"size":15.970799446105957,"orthographic":false}