{"cameraMode":{"drawMode":0,"name":"Shaded","section":"Shading Mode"},"sceneLighting":false,"audioPlay":false,"sceneViewState":{"showFog":true,"showMaterialUpdate":true,"showSkybox":true,"showFlares":true,"showImageEffects":true,"showParticleSystems":true},"in2DMode":false,"pivot":{"x":-21.284770965576173,"y":-426.7010803222656,"z":-71.73565673828125},"rotation":{"x":0.01649700663983822,"y":0.01649700105190277,"z":-0.000272225181106478,"w":0.9997278451919556},"size":5.1511640548706059,"orthographic":true}