{"cameraMode":{"drawMode":0,"name":"Shaded","section":"Shading Mode"},"sceneLighting":false,"audioPlay":false,"sceneViewState":{"showFog":true,"showMaterialUpdate":true,"showSkybox":true,"showFlares":true,"showImageEffects":true,"showParticleSystems":true},"in2DMode":false,"pivot":{"x":-0.35687482357025149,"y":1.0642476081848145,"z":-0.5473021268844605},"rotation":{"x":0.04978848621249199,"y":-0.005681964568793774,"z":0.00028335792012512684,"w":0.9987435936927795},"size":0.9199785590171814,"orthographic":false}