{"cameraMode":{"drawMode":0,"name":"Shaded","section":"Shading Mode"},"sceneLighting":false,"audioPlay":false,"sceneViewState":{"showFog":true,"showMaterialUpdate":true,"showSkybox":true,"showFlares":true,"showImageEffects":true,"showParticleSystems":true},"in2DMode":false,"pivot":{"x":409.5209045410156,"y":398.53497314453127,"z":12.9571533203125},"rotation":{"x":0.04317634552717209,"y":0.0017798749031499029,"z":0.00007679987174924463,"w":-0.9990658760070801},"size":1017.4533081054688,"orthographic":false}