{"cameraMode":{"drawMode":0,"name":"Shaded","section":"Shading Mode"},"sceneLighting":false,"audioPlay":false,"sceneViewState":{"showFog":true,"showMaterialUpdate":true,"showSkybox":true,"showFlares":true,"showImageEffects":true,"showParticleSystems":true},"in2DMode":false,"pivot":{"x":-0.10944857448339462,"y":0.9480559229850769,"z":-0.2070263773202896},"rotation":{"x":-0.07223490625619888,"y":0.01823294721543789,"z":-0.0013208349701017142,"w":-0.9972200989723206},"size":0.7178046107292175,"orthographic":false}