{"cameraMode":{"drawMode":0,"name":"Shaded","section":"Shading Mode"},"sceneLighting":false,"audioPlay":false,"sceneViewState":{"showFog":true,"showMaterialUpdate":true,"showSkybox":true,"showFlares":true,"showImageEffects":true,"showParticleSystems":true},"in2DMode":false,"pivot":{"x":0.4032917022705078,"y":1.0474971532821656,"z":-1.266611933708191},"rotation":{"x":-0.11256885528564453,"y":0.006241458468139172,"z":-0.0007072480511851609,"w":-0.9936240911483765},"size":1.8321471214294434,"orthographic":false}