{"cameraMode":{"drawMode":0,"name":"Shaded","section":"Shading Mode"},"sceneLighting":false,"audioPlay":false,"sceneViewState":{"showFog":true,"showMaterialUpdate":true,"showSkybox":true,"showFlares":true,"showImageEffects":true,"showParticleSystems":true},"in2DMode":false,"pivot":{"x":694.935546875,"y":422.083251953125,"z":-27.50096321105957},"rotation":{"x":-0.06905373930931092,"y":-0.07596193253993988,"z":0.005273263901472092,"w":-0.9947027564048767},"size":804.8828125,"orthographic":false}