{"cameraMode":{"drawMode":0,"name":"Shaded","section":"Shading Mode"},"sceneLighting":false,"audioPlay":false,"sceneViewState":{"showFog":true,"showMaterialUpdate":true,"showSkybox":true,"showFlares":true,"showImageEffects":true,"showParticleSystems":true},"in2DMode":false,"pivot":{"x":684.4846801757813,"y":434.45733642578127,"z":-28.64654541015625},"rotation":{"x":-0.06924199312925339,"y":-0.01917119137942791,"z":0.0013307682238519192,"w":-0.9974148273468018},"size":744.5634765625,"orthographic":false}