{"cameraMode":{"drawMode":0,"name":"Shaded","section":"Shading Mode"},"sceneLighting":false,"audioPlay":false,"sceneViewState":{"showFog":true,"showMaterialUpdate":true,"showSkybox":true,"showFlares":true,"showImageEffects":true,"showParticleSystems":true},"in2DMode":false,"pivot":{"x":-0.10227066278457642,"y":0.8986460566520691,"z":-0.5980713367462158},"rotation":{"x":-0.06886447966098786,"y":-0.10576432943344116,"z":0.007342193275690079,"w":-0.9919766783714294},"size":3.7555644512176515,"orthographic":false}