{"cameraMode":{"drawMode":0,"name":"Shaded","section":"Shading Mode"},"sceneLighting":false,"audioPlay":false,"sceneViewState":{"showFog":true,"showMaterialUpdate":true,"showSkybox":true,"showFlares":true,"showImageEffects":true,"showParticleSystems":true},"in2DMode":false,"pivot":{"x":394.640625,"y":175.64955139160157,"z":-1.5166015625},"rotation":{"x":-0.05877627804875374,"y":0.0017784142401069403,"z":-0.00010483140795258805,"w":-0.9982696175575256},"size":552.9761352539063,"orthographic":false}