{"cameraMode":{"drawMode":0,"name":"Shaded","section":"Shading Mode"},"sceneLighting":false,"audioPlay":false,"sceneViewState":{"showFog":true,"showMaterialUpdate":true,"showSkybox":true,"showFlares":true,"showImageEffects":true,"showParticleSystems":true},"in2DMode":false,"pivot":{"x":0.0,"y":0.8999999761581421,"z":-0.5999999642372131},"rotation":{"x":0.017687687650322915,"y":-0.011716354638338089,"z":-0.00020740347099490464,"w":-0.9997748732566834},"size":1.3288381099700928,"orthographic":false}