{"cameraMode":{"drawMode":0,"name":"Shaded","section":"Shading Mode"},"sceneLighting":false,"audioPlay":false,"sceneViewState":{"showFog":true,"showMaterialUpdate":true,"showSkybox":true,"showFlares":true,"showImageEffects":true,"showParticleSystems":true},"in2DMode":false,"pivot":{"x":0.2648395001888275,"y":2.549872636795044,"z":0.5330221652984619},"rotation":{"x":0.055707499384880069,"y":0.9323825836181641,"z":0.3174801766872406,"w":-0.1636027842760086},"size":3.8346805572509767,"orthographic":false}